tailNumber;model;lastCheck;nextCheck;flightHours
SA8880;Airbus A330;2024-09-24;2026-03-27;2847
KE2815;Airbus A350;2025-01-30;2026-01-28;3714
DL6343;Airbus A350;2024-08-16;2025-07-11;1122
QR5924;Airbus A320;2024-08-14;2025-07-19;1289
AF1454;Boeing 737;2025-01-19;2025-11-20;4439
ET4010;Boeing 747;2024-11-17;2026-01-28;883
SK3823;Airbus A330;2024-12-12;2026-01-13;1723
LA9571;Airbus A330;2024-06-26;2025-06-12;137
AA7291;Airbus A320;2024-09-09;2025-06-06;4763
BA8817;Boeing 737;2024-10-12;2025-11-26;1935
AF8764;Boeing 747;2025-04-15;2026-02-04;1537
WN2726;Airbus A320;2025-03-09;2025-12-13;4444
AC1756;Airbus A350;2025-04-24;2025-12-15;3909
SA7667;Boeing 737;2024-11-23;2025-10-28;4547
TG8482;Airbus A320;2025-04-04;2025-10-30;3595
TG5949;Airbus A350;2024-09-19;2026-03-12;1294
SK7047;Boeing 737;2025-04-24;2025-11-29;1587
AC5785;Airbus A320;2024-08-24;2026-05-07;3706
SQ7108;Airbus A350;2024-11-19;2025-12-03;1414
TG3656;Airbus A350;2025-03-25;2025-07-10;4663
AV3043;Boeing 777;2024-10-22;2026-02-18;3173
WN7069;Airbus A350;2024-08-03;2026-06-16;4424
AZ8773;Boeing 737;2025-01-03;2026-05-01;3735
ET2023;Boeing 777;2024-11-14;2026-02-19;2454
AV2901;Boeing 737;2025-03-04;2025-06-29;1839
AI9700;Boeing 737;2024-11-06;2025-12-23;3573
SQ2554;Airbus A330;2024-07-30;2026-06-17;2134
ET6215;Boeing 747;2025-05-22;2025-06-14;2692
CX4520;Airbus A350;2025-03-12;2026-07-27;842
SK1999;Boeing 747;2025-03-01;2025-08-06;3286
AI6681;Boeing 737;2024-10-14;2026-07-20;3575
AV6230;Boeing 737;2025-03-26;2025-06-10;1517
KL9159;Boeing 747;2025-02-01;2025-06-25;4967
AA4201;Airbus A330;2024-11-09;2026-01-22;2166
TG8972;Airbus A330;2024-11-12;2025-07-29;896
LH6321;Airbus A320;2024-07-06;2025-11-22;389
TG9555;Airbus A320;2025-03-13;2026-05-15;4835
KE7078;Airbus A330;2024-08-15;2025-06-14;3799
NH6079;Boeing 737;2024-10-03;2026-04-22;1713
AM7303;Airbus A350;2024-07-19;2025-12-02;1733
TG7094;Boeing 777;2024-12-25;2026-03-24;508
ET7092;Airbus A320;2025-03-16;2025-09-21;3529
BA1442;Airbus A350;2025-06-01;2026-07-12;3876
LH3478;Boeing 747;2024-07-20;2026-03-19;4566
AC2804;Boeing 747;2024-10-08;2025-06-22;1553
BA1907;Airbus A320;2025-04-20;2026-01-27;4059
SK9521;Airbus A330;2024-07-14;2026-02-06;2031
KL6095;Airbus A320;2025-01-25;2025-11-10;2762
SK6503;Boeing 737;2025-05-17;2025-06-05;867
AM3135;Boeing 747;2024-12-06;2025-05-31;4544
KE5043;Airbus A330;2024-09-20;2026-06-11;3432
AI4437;Airbus A350;2024-08-09;2025-09-15;2803
AZ2844;Airbus A320;2024-10-03;2025-12-07;2152
KL1090;Airbus A350;2024-12-06;2026-05-06;3545
NZ4614;Airbus A320;2024-08-20;2025-07-12;2539
AM6576;Airbus A320;2024-12-13;2026-05-31;916
AZ7819;Boeing 737;2025-01-31;2025-11-27;1884
IB3864;Boeing 747;2024-12-08;2026-04-23;2422
QF4285;Boeing 747;2024-07-17;2026-02-11;1910
KL2216;Airbus A330;2025-06-15;2026-02-28;4124
IB3853;Airbus A350;2024-06-20;2026-01-05;3644
AA7448;Airbus A330;2024-10-16;2025-08-31;4965
DL1887;Boeing 737;2024-10-03;2025-08-03;1916
UA8589;Boeing 737;2024-07-30;2026-07-09;732
LH8573;Airbus A330;2024-08-09;2026-03-24;2840
AM5855;Airbus A350;2024-07-09;2026-04-23;2011
AM4292;Boeing 747;2025-03-16;2026-02-19;2942
AV3764;Airbus A320;2025-05-15;2026-02-27;2377
NH8398;Airbus A350;2024-12-19;2025-10-14;1558
AV6390;Airbus A320;2025-05-06;2025-12-25;1289
KE5891;Boeing 737;2024-11-26;2026-05-16;3402
UA9984;Airbus A330;2024-06-21;2025-06-13;947
UA3491;Airbus A350;2024-09-02;2025-08-06;4821
AV8222;Boeing 777;2024-11-30;2025-12-05;1954
SK2136;Airbus A330;2025-02-04;2026-05-22;2113
AZ8666;Boeing 747;2024-11-10;2025-08-04;2354
SK2386;Airbus A320;2025-02-14;2025-10-30;3846
AV7364;Airbus A330;2025-05-14;2025-11-11;1662
IB9873;Airbus A330;2025-03-10;2025-09-26;4291
QF6818;Boeing 777;2025-05-30;2025-12-09;3832
LH6645;Airbus A320;2024-07-03;2025-07-30;4552
AI9907;Boeing 747;2025-03-24;2025-07-27;3081
KL3748;Boeing 777;2024-11-20;2025-08-18;4410
TG4162;Boeing 777;2025-01-17;2025-11-22;1599
BA7019;Boeing 737;2024-06-28;2025-12-08;976
TG3333;Airbus A350;2025-02-02;2026-07-05;3230
QF3037;Airbus A330;2024-12-18;2025-06-21;1425
ET5945;Airbus A350;2024-09-22;2026-05-11;1300
IB8450;Airbus A330;2025-06-12;2026-07-14;571
TG5206;Boeing 777;2025-06-19;2026-05-25;1031
AI5401;Boeing 737;2024-06-26;2026-06-21;3453
NH9612;Boeing 777;2025-01-17;2026-01-19;3048
SK3007;Boeing 747;2025-04-16;2025-10-29;4027
KE8507;Airbus A320;2024-11-17;2026-02-08;4969
SK9204;Airbus A330;2024-09-24;2026-04-12;215
TG3277;Airbus A330;2025-02-09;2026-01-25;4417
BA6235;Boeing 747;2025-04-26;2025-11-11;4739
DL2657;Airbus A320;2025-01-29;2026-04-21;617
AI6155;Boeing 737;2025-03-16;2026-03-02;3360
EK6800;Airbus A320;2025-04-08;2026-07-19;767
CX9286;Boeing 747;2024-10-08;2026-02-21;4422
UA5079;Airbus A320;2024-07-29;2026-03-22;1301
IB8526;Airbus A350;2025-05-12;2026-05-07;1740
LH7515;Airbus A330;2024-07-18;2025-12-28;3232
EK8700;Boeing 747;2025-02-13;2025-07-26;4614
AM3006;Airbus A330;2025-06-15;2026-06-29;2480
SK9524;Boeing 737;2024-12-12;2026-03-13;2154
QF3355;Boeing 777;2024-08-08;2025-10-09;4201
AF9595;Airbus A330;2024-12-11;2026-04-10;951
KE7320;Airbus A350;2024-09-06;2025-11-08;3125
UA2278;Airbus A320;2025-01-09;2026-02-03;2776
CX6791;Airbus A350;2024-10-26;2026-03-01;899
QR9095;Airbus A320;2025-05-12;2026-04-22;2149
AI8840;Boeing 737;2024-08-21;2025-12-24;3997
LH6171;Airbus A320;2025-01-29;2026-05-07;3236
ET9985;Boeing 747;2025-04-15;2025-07-07;2641
CX7337;Airbus A320;2025-02-05;2025-07-09;219
UA4382;Airbus A320;2024-12-06;2026-05-30;4976
AC1283;Boeing 777;2024-10-27;2025-09-20;1761
SQ9917;Airbus A350;2025-02-13;2025-11-13;248
AI2223;Airbus A350;2024-09-11;2025-10-30;2609
BA2345;Airbus A330;2025-06-04;2025-07-18;4143
WN9889;Boeing 777;2024-10-09;2026-06-19;2882
KE3610;Airbus A330;2025-03-24;2025-12-22;4488
AF5655;Airbus A320;2024-09-26;2025-06-22;665
UA8267;Boeing 777;2024-09-28;2025-09-06;3841
NH5700;Boeing 747;2025-06-08;2025-08-29;4188
ET4158;Boeing 777;2025-02-15;2026-04-18;3596
SA6127;Boeing 747;2024-08-08;2026-01-10;1336
WN8596;Airbus A330;2025-01-04;2025-09-09;4679
SK4970;Boeing 777;2025-05-14;2025-09-12;3208
NH1625;Boeing 747;2024-09-19;2026-03-27;3444
NH8860;Boeing 737;2024-08-18;2025-10-03;2063
AZ6013;Boeing 737;2024-11-24;2025-05-30;3529
AZ2754;Airbus A350;2025-04-14;2026-06-18;4183
KL1655;Airbus A350;2024-11-29;2026-06-03;4037
AV6391;Airbus A320;2025-04-18;2025-11-12;953
QF3102;Boeing 747;2024-07-05;2026-03-11;4541
SK4443;Airbus A350;2025-01-05;2025-12-19;3796
SK8606;Airbus A330;2024-09-04;2025-11-12;2881
EK2146;Airbus A320;2025-04-21;2025-11-29;2530
QF5890;Airbus A330;2024-12-05;2025-08-13;542
SQ5198;Boeing 737;2024-08-19;2025-10-03;1982
AV3392;Boeing 777;2024-08-22;2025-12-09;1010
BA4184;Airbus A350;2025-05-27;2026-07-19;1847
KE9821;Airbus A330;2025-01-26;2025-07-23;3783
AV7365;Airbus A350;2024-08-21;2026-06-03;4980
QR6945;Airbus A320;2025-04-17;2026-07-28;4243
WN3720;Boeing 747;2024-12-05;2026-04-25;2360
QR5930;Airbus A320;2024-09-22;2026-01-14;3451
KE3851;Boeing 747;2024-06-24;2025-10-20;4031
LA5369;Boeing 777;2024-09-02;2025-09-12;2377
SA8434;Boeing 737;2025-06-04;2025-11-30;1952
CX3155;Airbus A330;2025-01-15;2026-02-13;1935
SK4476;Boeing 747;2025-05-10;2025-12-09;1365
NH3973;Boeing 777;2025-05-15;2026-03-08;2192
ET1652;Boeing 737;2025-06-16;2026-06-23;4877
QF9447;Airbus A320;2024-12-10;2025-10-02;983
QR7340;Boeing 777;2025-06-04;2026-04-10;3040
NH7502;Airbus A330;2024-09-28;2026-03-12;4758
AM4317;Boeing 777;2025-06-18;2025-11-23;2307
SA8435;Airbus A350;2025-03-03;2026-02-24;1579
QF2795;Boeing 777;2024-10-17;2025-07-19;2493
NH9125;Airbus A350;2025-03-08;2026-05-30;912
SQ8152;Airbus A350;2025-01-30;2026-05-11;133
AF7550;Airbus A320;2024-09-01;2026-04-07;484
WN2862;Boeing 747;2025-06-19;2026-05-23;1471
AM3602;Boeing 777;2025-01-18;2026-05-18;1860
QF6795;Boeing 737;2024-11-01;2025-10-07;2117
CX4540;Airbus A330;2024-06-28;2026-04-06;2012
AM5243;Boeing 747;2024-11-17;2025-08-05;805
LA4492;Airbus A320;2024-08-30;2025-10-10;3152
NZ9098;Boeing 747;2024-09-13;2026-01-10;3101
BA8980;Boeing 747;2025-03-17;2025-09-04;809
SA2287;Airbus A350;2024-11-06;2026-02-06;1856
WN2544;Airbus A320;2025-04-21;2025-08-22;3526
QF6150;Airbus A330;2025-03-01;2025-07-24;3003
QF4565;Boeing 777;2025-05-15;2025-07-21;2731
BA4740;Airbus A330;2024-08-12;2026-04-07;3763
ET8852;Airbus A350;2024-06-26;2025-07-28;749
AM8764;Boeing 747;2024-07-11;2026-06-27;3776
QF1378;Boeing 737;2025-05-12;2025-08-15;4422
AC8457;Airbus A320;2024-12-06;2026-01-12;3513
KE7832;Boeing 737;2024-07-10;2025-06-29;1854
AZ7115;Airbus A320;2024-07-03;2025-07-19;1181
WN1167;Boeing 747;2024-07-20;2026-07-19;837
UA1770;Airbus A330;2024-08-19;2026-03-08;3169
ET4205;Boeing 777;2025-01-19;2026-02-24;4946
ET7935;Boeing 747;2025-01-14;2025-07-24;816
SQ2732;Airbus A320;2024-12-14;2025-07-16;1585
KL6936;Airbus A330;2025-04-21;2026-06-02;1425
AV8175;Airbus A350;2025-04-15;2025-09-28;4106
LH1276;Airbus A320;2024-11-07;2026-05-24;3544
AF2120;Boeing 737;2025-05-23;2026-03-01;3030
KE9236;Boeing 737;2024-07-13;2026-01-29;2096
CX7004;Airbus A350;2024-09-04;2025-07-17;3256
CX2657;Boeing 777;2025-03-20;2026-05-11;4128
SA4429;Boeing 737;2025-04-23;2025-12-29;1397
LH6965;Airbus A350;2025-05-15;2026-04-05;3524
TG1736;Airbus A350;2025-05-18;2025-09-20;4665
QR2379;Airbus A320;2025-05-22;2025-12-11;569
CX8353;Boeing 737;2024-09-27;2025-08-27;4050
TG8145;Boeing 777;2025-01-10;2026-05-23;3642
SA4783;Boeing 777;2024-07-22;2025-06-18;1021
SK6623;Airbus A350;2024-06-21;2026-01-26;4839
QF5776;Boeing 737;2024-10-03;2026-05-30;387
AM6493;Airbus A330;2025-01-05;2026-05-19;919
AM7304;Airbus A350;2024-09-21;2026-07-06;333
LH3045;Airbus A320;2024-07-12;2025-12-31;1972
SQ3769;Airbus A320;2025-06-16;2026-06-09;4453
AZ9034;Airbus A320;2025-04-19;2026-04-28;2973
ET3931;Airbus A330;2025-05-04;2025-08-10;1166
NH6916;Airbus A330;2025-05-01;2026-03-19;4556
AZ7820;Boeing 737;2024-07-29;2026-02-21;4640
AI1305;Airbus A320;2025-06-13;2025-12-24;4952
ET6593;Boeing 737;2024-10-15;2025-06-01;3935
AI8841;Boeing 777;2024-11-29;2026-01-21;3703
AV8306;Boeing 777;2025-06-09;2025-11-15;852
BA4990;Airbus A320;2024-07-29;2026-06-26;2077
LH8760;Boeing 747;2024-12-04;2025-08-18;4634
BA5635;Airbus A350;2024-09-02;2025-06-28;926
EK4610;Airbus A320;2025-03-28;2025-06-30;4312
BA2542;Boeing 747;2025-01-21;2025-10-10;4044
SK7694;Airbus A330;2024-09-02;2025-06-19;1161
SA2730;Boeing 777;2025-03-08;2025-07-15;1235
IB7558;Airbus A350;2024-08-22;2025-11-10;3830
TG5187;Boeing 737;2025-04-18;2026-02-04;131
AZ1674;Boeing 777;2025-06-01;2026-03-25;1106
KE8563;Boeing 737;2025-01-23;2026-05-25;3778
AI6348;Airbus A320;2024-09-06;2025-06-21;1749
EK5372;Airbus A320;2025-05-21;2026-07-15;1345
AM2655;Airbus A330;2025-04-23;2026-01-13;2464
AV4168;Boeing 737;2024-06-23;2026-01-24;4807
QR6944;Airbus A330;2024-11-14;2026-03-30;4353
IB1137;Airbus A330;2024-06-27;2026-05-17;3903
ET6504;Boeing 777;2025-06-12;2025-11-03;4897
NZ6282;Boeing 777;2025-05-26;2026-05-03;3470
KE2453;Boeing 777;2025-05-22;2025-08-15;681
NZ8627;Boeing 747;2025-04-22;2026-07-17;1236
AM9071;Airbus A320;2024-12-24;2025-11-19;3517
DL4436;Airbus A320;2024-10-07;2025-10-10;107
UA6087;Boeing 747;2025-04-09;2026-05-03;2132
NH6177;Boeing 737;2024-10-27;2026-03-22;2678
QR7324;Airbus A350;2024-07-03;2025-11-22;1871
KL3038;Boeing 737;2025-05-05;2026-03-13;4526
QF8051;Boeing 737;2025-03-27;2025-11-16;852
WN9630;Airbus A320;2025-01-07;2026-03-09;2391
QR3146;Boeing 747;2025-02-24;2025-12-25;2946
LH3182;Airbus A330;2024-10-20;2026-06-29;3789
SA1191;Boeing 737;2025-05-18;2026-06-18;4078
UA6785;Airbus A350;2024-08-06;2025-11-30;2942
NZ3511;Airbus A350;2025-03-29;2025-11-28;705
AV3547;Airbus A350;2025-02-02;2026-05-22;1909
WN8565;Airbus A330;2024-08-15;2026-05-23;2619
LH3163;Airbus A350;2024-08-19;2025-09-05;4847
UA5373;Boeing 777;2025-05-10;2025-09-26;752
BA7961;Airbus A330;2025-01-04;2025-09-04;373
SK7367;Airbus A350;2025-03-30;2025-08-14;3723
AA8220;Airbus A320;2024-08-13;2025-07-30;4888
SQ5580;Boeing 747;2024-09-18;2026-02-01;3535
NZ6283;Airbus A320;2025-03-19;2026-07-06;3966
LA2115;Boeing 737;2024-12-31;2026-03-10;681
TG5404;Boeing 737;2024-09-30;2025-08-08;729
SQ2482;Boeing 747;2024-11-02;2026-06-14;901
DL7850;Boeing 737;2024-11-22;2026-03-23;4427
SK5012;Airbus A350;2024-09-08;2026-01-14;3659
AM9824;Boeing 747;2024-08-28;2025-11-24;2304
QF1329;Airbus A350;2025-01-06;2025-11-06;1991
QF3876;Boeing 777;2024-11-28;2025-10-25;723
AM1425;Airbus A350;2024-12-08;2026-03-15;1809
AZ2467;Airbus A320;2024-11-29;2026-07-20;2884
BA1785;Boeing 737;2025-02-14;2026-04-17;1881
AI5535;Boeing 747;2024-06-26;2026-01-05;2726
EK2123;Airbus A330;2025-04-22;2025-07-31;1631
SQ6228;Boeing 747;2025-02-06;2025-11-11;2113
NZ9967;Airbus A330;2024-08-08;2026-03-11;2766
AI4444;Boeing 737;2025-02-23;2026-04-21;4051
KE5892;Boeing 737;2024-10-22;2026-05-14;3099
AF1722;Boeing 747;2025-02-14;2026-02-04;3139
QR2424;Airbus A350;2024-11-22;2026-07-15;4806
NH4423;Airbus A330;2025-03-10;2026-02-01;2796
AI5502;Airbus A320;2024-11-10;2025-09-01;3528
SQ5378;Boeing 737;2025-03-03;2025-12-30;3276
AC5159;Boeing 747;2025-06-14;2025-06-01;2653
WN3151;Boeing 737;2024-10-05;2026-02-19;3277
AI8523;Airbus A330;2025-04-17;2026-03-21;2470
AA3879;Airbus A320;2024-10-27;2026-01-04;3447
LA3981;Boeing 737;2025-04-22;2026-04-02;669
KL5799;Boeing 737;2025-01-12;2025-08-11;3476
AI2783;Airbus A330;2024-12-04;2026-05-30;3242
ET2308;Boeing 777;2024-11-29;2026-04-17;2616
BA3914;Airbus A320;2025-02-16;2025-09-05;4928
QF8052;Airbus A330;2024-07-02;2026-03-16;3865
NH8743;Airbus A320;2025-04-18;2025-11-27;1790
QR5348;Boeing 737;2025-01-16;2026-07-17;268
AZ7831;Boeing 777;2024-06-28;2026-01-25;3586
QF4792;Boeing 747;2024-08-08;2025-11-08;4508
SQ3555;Boeing 737;2024-11-08;2026-01-18;4514
CX4778;Boeing 747;2025-03-05;2026-04-19;4200
AA8769;Boeing 737;2024-08-16;2026-05-16;4151
LA1544;Airbus A330;2025-03-10;2026-01-24;2226
AF8339;Boeing 777;2025-02-21;2025-09-29;3417
LA2475;Airbus A320;2025-04-06;2025-07-17;108
BA9625;Boeing 737;2025-03-18;2026-01-07;1597
DL3679;Airbus A350;2024-08-30;2025-12-12;3251
NZ1172;Airbus A350;2025-06-15;2025-07-20;2871
AV4300;Airbus A320;2024-10-14;2025-09-20;2107
NH3141;Boeing 747;2025-04-05;2025-10-23;4743
NH6529;Airbus A320;2025-05-16;2026-06-03;1488
KE3317;Airbus A320;2025-05-11;2025-11-25;3806
IB2817;Airbus A350;2025-03-25;2025-12-31;3465
QF6897;Boeing 747;2025-04-19;2025-10-14;683
EK3851;Boeing 777;2024-09-29;2025-07-30;1050
UA5184;Boeing 777;2024-09-09;2025-06-22;3334
SQ2653;Boeing 737;2024-07-20;2025-05-31;1207
AC2767;Boeing 737;2025-05-29;2025-06-01;2352
IB5135;Boeing 747;2025-01-11;2025-11-24;501
DL6443;Boeing 777;2025-02-27;2025-09-08;4408
SA4087;Boeing 777;2024-08-11;2026-07-22;4082
LH2007;Airbus A350;2025-05-05;2026-05-26;1573
AM4620;Airbus A330;2024-12-03;2026-02-18;2831
AA1670;Boeing 747;2025-02-28;2025-11-20;4431
TG3165;Boeing 747;2024-12-01;2026-04-17;4390
SK4444;Airbus A320;2025-04-05;2025-08-22;2065
KL5452;Boeing 747;2025-05-16;2025-11-19;2759
TG7226;Airbus A320;2025-01-20;2025-08-01;4208
TG5846;Airbus A330;2024-07-28;2026-05-21;2048
UA3391;Boeing 777;2024-08-31;2025-11-09;3973
AM6760;Airbus A320;2024-12-24;2026-05-21;2631
AM5180;Boeing 737;2024-11-29;2025-06-15;4795
SA4549;Boeing 737;2024-09-08;2026-05-27;2113
NZ5165;Airbus A350;2024-11-08;2026-04-06;371
CX8117;Boeing 777;2025-04-07;2026-04-07;3044
NH8541;Airbus A320;2024-09-04;2026-02-20;1012
NZ3512;Boeing 777;2025-04-14;2025-10-31;2791
AV6609;Boeing 747;2025-02-02;2026-02-26;2966
AI4833;Airbus A330;2025-01-09;2026-04-06;288
KE6519;Airbus A350;2024-11-17;2025-07-20;148
WN7757;Boeing 737;2025-05-26;2026-06-12;233
ET6785;Boeing 737;2025-03-01;2025-11-05;4684
CX4721;Airbus A350;2025-03-05;2026-05-28;4357
NH5949;Airbus A320;2024-06-25;2026-06-26;3956
DL2266;Boeing 737;2024-07-25;2026-06-22;2642
BA2359;Airbus A330;2024-09-06;2026-04-29;2786
AF7952;Airbus A350;2025-02-01;2025-10-19;4021
BA7967;Airbus A330;2025-05-28;2025-10-23;3613
QF1330;Boeing 737;2024-08-02;2026-07-25;1757
QF8392;Airbus A330;2025-03-10;2026-04-30;3117
AZ4071;Boeing 777;2025-04-06;2025-10-28;813
AF8227;Boeing 737;2024-09-30;2025-11-09;3011
SQ1871;Airbus A350;2025-05-11;2025-12-13;1848
QR5322;Airbus A320;2025-03-22;2026-02-13;3721
AF8541;Airbus A320;2025-01-12;2025-07-03;4876
QR6609;Airbus A350;2025-02-13;2025-08-10;2961
ET4833;Boeing 777;2024-08-11;2026-05-23;1757
SA5364;Airbus A320;2025-02-04;2026-03-11;2543
QF2015;Boeing 777;2025-01-19;2025-10-09;755
AC2768;Boeing 777;2024-06-28;2025-12-15;3272
SQ2818;Boeing 747;2024-07-28;2026-01-07;1850
UA6826;Boeing 737;2025-06-03;2025-12-26;2962
AZ4962;Airbus A330;2025-01-02;2026-01-03;842
AI6595;Boeing 737;2024-07-10;2026-06-14;251
UA9619;Airbus A350;2025-01-06;2026-03-29;1037
EK8568;Boeing 747;2025-05-15;2025-05-30;4096
KE1522;Boeing 747;2024-12-31;2026-01-14;4522
AC5160;Boeing 747;2025-06-02;2026-04-23;3843
AV3548;Airbus A330;2025-01-01;2026-02-07;4749
WN9434;Airbus A320;2025-02-17;2025-09-08;4258
CX4113;Airbus A320;2025-01-26;2026-01-13;1128
AM8497;Boeing 747;2025-02-19;2026-04-05;645
NZ1302;Boeing 747;2024-08-16;2025-11-22;2714
LH7411;Airbus A330;2025-02-01;2025-08-07;4323
NH7606;Airbus A330;2025-04-11;2025-09-28;1140
WN5860;Airbus A350;2024-07-28;2026-03-29;1490
UA8748;Boeing 747;2025-02-05;2026-07-24;2312
WN8701;Airbus A320;2024-12-09;2025-09-12;1448
LA3026;Airbus A330;2024-08-15;2026-03-09;4302
IB4796;Airbus A350;2024-10-13;2026-07-27;4846
NH3168;Airbus A320;2024-12-17;2026-05-17;455
SK2434;Boeing 747;2025-03-09;2026-03-04;3194
AC1444;Airbus A350;2025-03-07;2025-08-31;4637
AF3819;Airbus A330;2024-08-03;2026-05-26;1322
LH8277;Airbus A330;2024-07-25;2026-02-13;2124
AV9115;Airbus A330;2024-10-06;2026-02-06;4934
AF6719;Airbus A320;2024-08-05;2025-06-30;1468
SA4548;Boeing 747;2024-07-08;2026-05-07;2961
LA4783;Boeing 777;2025-05-21;2025-08-01;4596
SA2417;Boeing 747;2025-01-16;2025-10-18;2639
IB5615;Boeing 747;2024-10-31;2026-06-14;3548
AC7380;Airbus A350;2025-05-12;2025-11-11;720
LH1978;Boeing 747;2024-07-21;2026-06-16;4490
SK4478;Boeing 747;2024-06-24;2026-05-04;4132
EK3102;Boeing 777;2025-02-23;2025-10-07;3994
EK7294;Boeing 737;2025-03-22;2026-07-06;320
TG7432;Boeing 777;2025-04-30;2025-12-13;153
KE1926;Airbus A320;2025-04-17;2025-06-20;816
AZ6527;Airbus A320;2024-07-23;2025-10-04;2815
EK4358;Boeing 747;2024-08-21;2025-12-11;1167
UA7107;Boeing 747;2024-12-21;2025-07-25;1439
KE1663;Boeing 777;2024-07-31;2025-08-10;4785
AA6888;Boeing 777;2025-02-01;2025-06-25;3230
AV2656;Airbus A320;2025-05-12;2025-07-24;3140
LH7516;Boeing 737;2025-05-22;2025-06-18;4554
AM4621;Airbus A320;2025-05-23;2026-03-24;2736
SQ8993;Airbus A330;2025-05-18;2025-12-21;1539
LH5523;Airbus A320;2024-12-15;2026-07-03;764
SA4858;Boeing 777;2024-12-27;2026-07-04;2432
CX8540;Boeing 747;2024-08-17;2025-10-10;3738
AZ8816;Boeing 747;2025-03-04;2025-07-01;1294
AV5663;Boeing 737;2024-08-18;2025-09-20;1639
AC4052;Boeing 747;2025-02-14;2025-10-07;4521
AA2833;Airbus A350;2025-04-08;2026-07-03;1933
LH3292;Boeing 737;2024-07-31;2026-04-04;246
UA4383;Boeing 747;2025-04-10;2025-12-12;1267
NH6836;Boeing 777;2025-01-08;2026-06-19;1251
WN1086;Airbus A350;2025-04-17;2025-10-27;1608
IB2418;Airbus A320;2024-11-07;2026-01-15;4586
TG4764;Boeing 747;2025-01-23;2025-07-23;1234
KE9016;Boeing 737;2024-09-17;2025-08-14;2345
AZ5348;Boeing 747;2024-12-20;2026-01-02;3442
SK9628;Boeing 777;2025-04-01;2025-10-03;4884
SK8444;Boeing 737;2024-07-13;2026-03-30;2989
NZ1569;Boeing 737;2025-02-15;2025-06-16;570
IB3113;Airbus A320;2024-11-21;2026-03-06;1139
WN7674;Boeing 737;2025-05-17;2025-09-08;3726
QF5718;Airbus A350;2024-07-16;2025-06-11;3055
IB2849;Airbus A320;2024-11-17;2026-06-23;4050
AC7381;Boeing 747;2025-03-31;2025-12-27;4796
NH8056;Boeing 737;2024-08-23;2025-12-31;2739
AF6385;Airbus A330;2025-06-07;2026-04-12;1357
KL6392;Boeing 737;2025-04-25;2025-07-29;2843
KE6235;Boeing 747;2024-08-31;2025-06-05;3317
SK6642;Airbus A320;2024-12-25;2026-05-14;1331
AC7975;Boeing 747;2025-01-25;2025-10-10;972
AI7555;Airbus A350;2024-09-30;2026-05-22;1581
WN1985;Airbus A350;2024-07-23;2025-12-12;731
SA8877;Airbus A350;2025-02-21;2026-07-14;980
NH2891;Airbus A320;2024-07-29;2026-06-22;852
NH5763;Airbus A330;2024-12-23;2026-07-28;822
AA8058;Boeing 777;2024-12-19;2025-09-10;3688
UA1914;Boeing 777;2025-06-03;2025-09-02;1553
AV4742;Boeing 747;2024-08-21;2025-11-21;1340
SK7263;Airbus A350;2025-06-15;2026-01-19;1113
QF8880;Airbus A350;2024-12-24;2025-07-02;2859
QR2866;Boeing 747;2024-07-19;2025-09-17;1944
AC6343;Airbus A330;2025-05-06;2025-10-13;4159
SQ8046;Airbus A330;2024-10-30;2026-07-10;961
SK7368;Boeing 777;2024-12-22;2025-11-25;3950
LH8278;Airbus A330;2025-01-15;2026-05-27;822
SK7017;Boeing 747;2025-02-27;2026-01-17;1471
QF4469;Boeing 747;2025-03-03;2025-10-25;4575
AV2988;Airbus A320;2024-11-24;2026-03-22;3371
AZ7053;Airbus A350;2025-03-21;2026-01-19;2253
KL6393;Airbus A330;2025-03-31;2026-02-19;1355
DL3680;Airbus A350;2024-07-04;2025-10-31;4105
UA4288;Boeing 747;2024-09-06;2025-12-18;3226
LH2485;Airbus A330;2024-07-24;2025-09-03;2992
SQ3534;Boeing 737;2024-11-23;2026-02-19;2181
AM6972;Airbus A330;2024-07-08;2025-09-09;4419
WN4815;Boeing 777;2024-07-24;2025-12-13;508
KE6156;Boeing 777;2025-04-11;2026-07-24;889
IB5963;Boeing 737;2024-08-27;2026-07-06;1977
ET1460;Boeing 747;2024-07-26;2026-06-20;2230
IB8664;Boeing 777;2024-11-10;2026-01-10;4160
SA8898;Airbus A350;2025-01-26;2025-08-01;993
QR7768;Boeing 777;2025-01-09;2026-06-07;4198
UA4854;Boeing 777;2024-08-18;2026-02-01;1427
NH9722;Airbus A330;2025-02-15;2025-09-08;2617
AI1237;Boeing 747;2024-08-01;2026-06-01;2438
SK3891;Boeing 777;2025-04-04;2026-06-14;1503
TG6855;Airbus A350;2025-03-09;2025-06-28;1004
KE4411;Airbus A350;2024-08-14;2025-10-10;3543
QF8881;Airbus A330;2024-06-28;2025-12-08;3874
AA1980;Boeing 777;2025-06-01;2026-01-06;2791
AC5771;Boeing 747;2024-08-19;2025-08-17;2202
NZ6764;Boeing 737;2025-02-18;2026-01-03;4499
WN3567;Boeing 737;2025-05-24;2025-08-10;3071
AZ7822;Airbus A320;2024-09-15;2026-06-18;4400
KE3181;Airbus A350;2024-08-28;2026-03-16;3273
AF6606;Boeing 737;2024-08-02;2025-08-21;326
DL4723;Boeing 737;2025-02-21;2026-02-06;180
AM2354;Boeing 747;2024-09-04;2025-12-04;1889
CX4541;Airbus A330;2025-01-25;2025-08-28;4392
NZ8106;Airbus A320;2025-05-24;2025-08-24;248
QR5610;Airbus A330;2024-09-02;2026-07-25;1954
AF3264;Airbus A330;2025-05-19;2026-07-20;3718
AM7051;Airbus A320;2025-04-02;2026-03-19;3345
SQ3948;Airbus A350;2025-03-27;2025-09-05;274
LH6097;Boeing 777;2025-03-16;2025-08-11;4422
UA1667;Boeing 777;2024-07-12;2025-08-25;613
UA5552;Airbus A350;2024-07-12;2026-04-24;2831
LH3401;Boeing 747;2025-05-22;2025-09-09;2831
QR6356;Boeing 777;2025-05-01;2026-06-07;1765
AA9066;Airbus A350;2024-07-26;2025-08-20;1768
AM6618;Airbus A320;2025-03-01;2026-06-29;3180
NH3030;Airbus A330;2025-04-25;2025-07-28;3887
SA2680;Airbus A330;2024-09-08;2025-11-25;256
NH2640;Airbus A350;2025-01-01;2025-12-22;241
AM5332;Boeing 747;2024-10-13;2025-07-20;719
AV2802;Boeing 777;2025-01-31;2026-07-28;2849
NH9241;Boeing 737;2024-12-03;2026-04-14;2905
NZ9603;Airbus A350;2024-06-20;2026-02-19;2765
AA1405;Boeing 737;2024-11-18;2026-07-03;3698
NZ3240;Boeing 777;2024-10-08;2026-02-01;517
KL1170;Boeing 737;2025-01-20;2025-11-24;3663
AI4924;Airbus A320;2024-07-12;2026-02-11;2764
KE6236;Boeing 777;2025-05-05;2026-01-01;772
QR6757;Airbus A320;2025-04-20;2026-06-10;1850
QR3399;Boeing 777;2024-08-09;2025-12-11;4881
DL5304;Airbus A320;2024-06-29;2026-05-23;1214
AC3020;Airbus A320;2024-10-10;2025-12-27;1066
AM3307;Airbus A350;2024-06-20;2026-03-29;1978
BA7461;Boeing 737;2024-09-10;2026-06-28;162
AC9578;Airbus A320;2024-07-09;2025-09-15;4108
KE5403;Airbus A320;2025-06-16;2026-03-06;4177
IB9356;Boeing 747;2024-09-27;2026-03-04;3468
KL8666;Airbus A330;2024-08-18;2025-09-05;2708
TG7416;Boeing 747;2025-01-05;2026-02-18;2827
AF6433;Boeing 737;2024-08-10;2026-05-07;4275
AZ1471;Airbus A350;2024-10-06;2026-02-12;390
EK1431;Boeing 777;2025-05-03;2025-08-29;1935
SA1576;Boeing 737;2025-05-05;2025-11-12;271
NZ9968;Airbus A350;2024-11-03;2025-09-26;3264
AC9289;Airbus A320;2024-10-11;2026-02-19;2624
AI9055;Airbus A330;2025-05-05;2025-11-20;4866
UA4283;Boeing 777;2025-05-30;2025-06-05;4657
EK4042;Airbus A350;2025-06-18;2026-02-01;4266
AI5828;Boeing 777;2024-10-18;2025-10-31;1831
EK8571;Airbus A350;2024-10-16;2026-07-02;946
SQ9982;Airbus A350;2024-08-31;2026-04-07;888
AV7819;Boeing 737;2024-07-07;2025-06-27;1156
AM4035;Airbus A330;2025-02-05;2025-12-29;581
AF3820;Boeing 747;2025-01-12;2025-10-15;1774
IB3835;Airbus A330;2024-10-12;2026-05-30;238
SK5790;Boeing 737;2024-11-03;2026-06-16;2207
AC1726;Boeing 777;2025-03-21;2025-12-06;3064
QR5478;Airbus A330;2024-09-19;2026-03-31;4095
NZ7696;Airbus A320;2025-01-25;2026-01-23;3899
AF5390;Boeing 777;2024-09-04;2026-07-17;608
DL8835;Airbus A350;2024-11-02;2025-11-01;412
BA4649;Airbus A320;2025-01-31;2026-04-25;4287
LH6337;Boeing 737;2024-12-22;2025-11-19;3706
NZ6776;Airbus A320;2025-04-21;2025-09-05;4160
AA7485;Airbus A350;2025-04-14;2025-08-10;1816
KE3954;Boeing 747;2024-07-19;2025-06-05;4727
AZ9404;Airbus A330;2025-02-12;2026-01-19;3790
AF5408;Boeing 777;2024-11-22;2025-09-29;2222
SK2435;Airbus A320;2025-03-20;2025-06-18;4467
UA9423;Boeing 747;2024-07-17;2025-09-29;2735
WN9242;Airbus A330;2024-06-20;2025-07-11;774
QR6450;Airbus A330;2025-04-08;2025-09-22;929
UA8751;Boeing 747;2024-08-27;2025-06-27;3974
QR4498;Boeing 737;2024-10-01;2025-08-04;4798
KE3049;Airbus A350;2024-12-07;2026-05-22;4403
LH5685;Boeing 747;2024-09-16;2026-01-29;466
CX3985;Airbus A320;2024-10-26;2025-09-10;1319
KE6237;Airbus A350;2024-07-28;2025-06-16;1257
QF2364;Boeing 747;2025-05-26;2025-07-22;3319
AZ2773;Airbus A350;2024-11-22;2026-05-18;1415
WN9155;Airbus A350;2024-07-18;2026-04-21;4135
AM3648;Boeing 747;2024-09-03;2026-05-14;2721
QF8551;Boeing 777;2025-05-25;2026-05-01;4342
LH1985;Airbus A350;2025-05-31;2026-05-27;2436
EK1066;Boeing 777;2024-10-02;2025-09-03;518
IB2298;Boeing 777;2025-04-20;2025-10-09;1809
AM3793;Boeing 747;2025-05-08;2026-01-30;1687
AF6240;Boeing 747;2025-04-20;2026-07-20;1369
WN9336;Boeing 777;2024-08-02;2026-05-31;534
KE1537;Airbus A320;2024-12-10;2026-07-20;4081
QF4544;Airbus A330;2024-10-30;2026-07-07;4662
NZ7697;Boeing 777;2024-06-26;2026-06-23;1515
NH2700;Boeing 747;2024-08-30;2026-01-16;3391
WN1798;Boeing 747;2024-11-27;2025-10-23;3921
NZ1546;Airbus A320;2025-05-09;2025-11-30;4300
NZ9000;Boeing 777;2025-04-01;2026-06-07;2520
WN9954;Airbus A320;2024-08-20;2026-04-21;3402
BA7332;Airbus A320;2024-07-01;2025-11-15;4211
AV7494;Airbus A330;2025-06-12;2025-12-05;4024
AF7953;Airbus A350;2025-02-16;2026-03-25;291
KL7820;Boeing 777;2024-06-26;2026-04-05;3192
AM9841;Airbus A350;2024-07-15;2026-01-05;2341
AI9969;Airbus A320;2025-02-06;2025-06-02;1588
QF4545;Airbus A320;2024-07-17;2025-11-23;1654
AA4202;Airbus A350;2024-10-05;2025-09-14;355
SA6382;Airbus A350;2024-10-02;2025-11-06;3153
LH4335;Airbus A320;2025-02-21;2026-03-06;4810
AA8853;Airbus A330;2024-10-03;2025-08-18;1886
AV3374;Airbus A350;2025-02-23;2025-07-18;3634
KE7452;Airbus A320;2025-05-13;2026-06-07;1421
QR8006;Airbus A350;2024-10-18;2025-06-10;1095
QR7112;Boeing 747;2024-08-10;2026-03-25;4515
BA1149;Boeing 777;2025-03-12;2026-02-10;3238
SQ3780;Boeing 777;2025-06-15;2026-01-15;1115
UA9424;Airbus A330;2025-04-28;2026-06-25;1052
AA4031;Airbus A350;2024-10-06;2025-10-01;286
AV8307;Airbus A320;2025-02-03;2025-09-30;3644
WN7726;Boeing 747;2024-06-20;2025-09-29;2052
NH6825;Airbus A350;2024-10-09;2025-10-11;149
ET8511;Boeing 747;2025-05-30;2025-06-26;1373
AZ8496;Airbus A350;2024-08-09;2026-02-24;1587
QR1805;Airbus A330;2025-04-26;2026-07-05;1733
LA8837;Boeing 777;2025-05-06;2025-07-24;374
LH3536;Airbus A350;2025-04-22;2025-09-12;1448
LH6338;Boeing 777;2024-08-19;2025-09-25;1456
WN4624;Boeing 747;2024-08-05;2026-06-17;3608
QR1587;Airbus A320;2025-01-05;2025-10-04;1158
SK9545;Boeing 777;2024-09-26;2025-10-28;522
TG5280;Boeing 747;2025-03-19;2026-02-15;1966
ET1809;Boeing 737;2024-10-25;2025-05-31;4564
NZ6109;Airbus A350;2024-08-21;2025-10-19;626
SA2979;Boeing 777;2024-10-21;2026-01-18;750
SK2512;Airbus A350;2025-01-08;2025-07-14;4288
AF5759;Airbus A320;2024-08-19;2025-07-30;2422
QR1240;Airbus A350;2024-11-20;2026-03-21;514
AZ2894;Airbus A350;2024-08-22;2025-10-18;2949
KE9657;Airbus A320;2024-10-12;2026-06-20;4239
AZ1725;Airbus A350;2025-01-03;2026-07-11;2727
ET9986;Airbus A350;2024-09-02;2026-02-27;4380
QF7414;Airbus A350;2024-08-12;2026-07-10;1032
EK4555;Boeing 777;2024-10-26;2026-03-15;1501
ET8839;Airbus A320;2025-03-03;2026-05-22;1305
AZ1037;Airbus A350;2025-04-14;2026-05-26;2930
AA6628;Boeing 747;2024-11-25;2026-02-13;2795
LA9044;Boeing 777;2025-02-17;2026-03-27;2154
LH3183;Boeing 747;2025-05-03;2025-08-20;1821
EK5011;Boeing 747;2025-05-13;2025-08-07;774
AC7315;Airbus A350;2024-12-10;2026-04-29;891
QR3296;Boeing 777;2025-06-19;2026-03-09;2123
QF6361;Boeing 747;2025-03-02;2026-01-20;1801
CX1163;Boeing 737;2024-12-22;2025-12-01;328
AV8569;Airbus A330;2025-02-05;2026-05-01;2362
KE7714;Boeing 777;2025-04-26;2025-07-25;728
DL8854;Airbus A350;2024-11-26;2026-07-22;357
ET2634;Airbus A330;2025-02-05;2025-08-31;2600
WN5043;Airbus A350;2025-04-17;2025-12-13;1464
IB6717;Airbus A350;2025-04-24;2026-04-15;3681
NZ1208;Boeing 737;2024-12-29;2025-12-26;3460
AV1895;Boeing 737;2025-06-11;2025-10-09;4723
QF3964;Boeing 747;2024-09-03;2026-02-19;1712
DL1233;Airbus A320;2024-08-14;2025-09-15;121
NZ1707;Airbus A350;2025-02-17;2026-03-05;4420
SA8121;Boeing 747;2024-09-01;2026-02-05;2867
QF6834;Boeing 737;2025-01-06;2026-03-27;1665
AI9365;Boeing 747;2024-07-20;2025-07-11;4305
QR8923;Boeing 737;2025-03-10;2026-07-28;1307
SQ3260;Boeing 737;2024-12-14;2025-06-18;2711
QR2435;Boeing 777;2025-04-01;2026-07-28;622
TG7204;Airbus A320;2024-10-16;2025-09-21;4307
KE3098;Boeing 747;2024-09-13;2025-12-29;3511
AZ9050;Airbus A330;2025-04-15;2026-05-31;3703
SA7873;Airbus A350;2024-10-12;2025-09-20;3215
CX3691;Airbus A350;2024-09-25;2025-07-04;4322
AZ8989;Airbus A330;2025-04-29;2026-01-17;1321
AA7962;Airbus A320;2024-10-31;2025-10-30;4763
BA7835;Boeing 747;2024-11-21;2026-05-20;2780
NH6666;Boeing 777;2024-07-21;2026-04-17;2556
LH6305;Airbus A350;2025-01-14;2025-06-03;3267
NZ8575;Airbus A320;2024-11-05;2026-05-29;4401
AA5127;Boeing 737;2024-09-09;2026-04-12;2706
LA7043;Boeing 777;2025-05-31;2025-08-05;4555
AA4284;Boeing 737;2024-08-31;2025-09-28;2077
AM4822;Airbus A330;2025-05-10;2025-06-30;2592
AA7447;Airbus A350;2025-06-14;2026-07-24;1267
KL3749;Airbus A330;2024-07-15;2025-06-06;4869
BA4185;Boeing 777;2024-09-14;2025-11-22;618
AA8666;Boeing 737;2024-12-25;2025-09-17;4176
ET6025;Airbus A330;2025-02-17;2026-05-23;276
AM8243;Airbus A350;2024-08-18;2025-06-10;1985
IB9227;Boeing 777;2025-01-19;2025-11-25;3869
LH1832;Airbus A350;2025-06-09;2025-06-24;4654
AI4925;Airbus A350;2025-01-03;2026-04-18;3983
LH5493;Airbus A350;2024-09-25;2025-10-31;1945
TG3685;Boeing 747;2024-07-15;2025-11-11;2394
DL1925;Boeing 737;2024-11-30;2025-07-28;979
AA4285;Boeing 777;2024-08-28;2025-06-09;3033
QR3382;Boeing 747;2024-11-28;2025-07-02;4772
ET5973;Airbus A320;2025-01-27;2026-06-05;2125
AC3743;Airbus A330;2024-07-16;2025-11-26;4846
AI2711;Boeing 747;2024-11-08;2025-08-14;724
ET5946;Airbus A320;2024-11-30;2026-01-05;2570
SK6775;Airbus A330;2024-10-22;2026-02-10;1083
NH9613;Boeing 747;2024-09-19;2026-07-18;3086
AV7495;Boeing 737;2024-06-29;2026-01-02;4076
CX4972;Airbus A330;2024-07-04;2025-12-08;1029
AF4017;Boeing 777;2024-09-09;2026-01-07;102
EK3720;Boeing 737;2024-12-13;2025-10-08;4653
ET3891;Airbus A350;2025-05-01;2026-03-18;1804
TG4572;Airbus A350;2024-11-03;2026-04-13;4396
SA6570;Airbus A350;2024-12-16;2026-06-02;2250
AM5261;Boeing 737;2024-07-24;2025-08-05;3280
AI1169;Airbus A330;2024-08-21;2026-03-08;2183
QR4438;Boeing 777;2025-03-06;2025-08-29;1029
IB7103;Airbus A330;2024-07-02;2026-05-23;3889
AC4413;Airbus A320;2025-01-31;2026-07-19;337
BA9448;Airbus A350;2024-07-17;2026-05-31;4344
UA1915;Airbus A320;2024-08-15;2026-06-30;4616
AM8507;Airbus A330;2025-02-02;2026-05-22;1250
QF3938;Boeing 777;2024-12-10;2025-09-23;4243
UA3235;Boeing 737;2025-03-02;2026-05-31;3799
IB1779;Airbus A320;2025-02-16;2026-06-22;2092
TG7872;Boeing 777;2025-05-04;2026-07-07;3232
BA3369;Boeing 777;2025-05-12;2025-07-25;2551
IB3698;Boeing 737;2024-10-30;2026-02-22;4593
DL4345;Airbus A330;2025-03-31;2026-02-02;1121
KL5312;Boeing 777;2025-02-03;2026-07-18;4390
SK9544;Boeing 777;2024-09-22;2026-06-27;1918
AZ1675;Boeing 747;2024-12-08;2025-08-13;1968
CX9990;Airbus A320;2024-08-03;2025-10-06;4403
KL5800;Boeing 777;2025-05-18;2025-06-18;1818
TG4731;Airbus A350;2024-12-19;2025-08-25;4537
KL7178;Airbus A330;2025-06-15;2025-11-03;3689
SK2122;Boeing 777;2025-05-10;2026-03-10;1979
BA6528;Airbus A350;2025-03-24;2026-03-05;938
AA1753;Airbus A350;2024-11-24;2026-07-20;942
AI8807;Boeing 737;2025-04-17;2026-06-15;3099
LA7080;Airbus A330;2025-03-10;2026-01-28;4772
DL1090;Airbus A350;2024-11-27;2026-06-16;3991
SK1423;Airbus A350;2024-09-16;2026-07-08;1396
QF5089;Boeing 737;2024-12-05;2025-09-28;2216
SA1292;Boeing 737;2024-10-06;2026-03-25;1755
AI2948;Boeing 777;2024-08-15;2026-07-09;2621
SA2288;Airbus A350;2024-11-28;2026-01-11;3902
NZ8224;Airbus A350;2024-07-09;2025-06-14;4630
AF6128;Airbus A330;2024-07-15;2025-12-24;2564
AI3981;Airbus A330;2025-06-14;2025-09-24;3913
WN4007;Boeing 747;2025-01-13;2026-03-07;4204
DL3554;Airbus A320;2025-03-27;2025-08-03;184
QR6374;Boeing 747;2024-09-09;2025-09-26;571
LA4242;Airbus A320;2024-07-21;2026-04-21;1802
KL1091;Boeing 747;2025-05-31;2025-07-19;4177
TG3890;Boeing 737;2025-01-19;2026-06-03;958
AC6946;Airbus A350;2024-10-05;2026-06-03;638
BA7701;Airbus A330;2024-08-12;2026-04-16;3626
KE2609;Airbus A330;2024-12-18;2026-03-09;839
NZ7086;Boeing 777;2025-03-15;2025-06-26;4502
QR7627;Airbus A350;2025-02-20;2026-04-19;4391
QF4698;Boeing 747;2024-07-11;2026-07-24;3448
SA5382;Airbus A330;2025-01-19;2025-12-27;270
UA6353;Boeing 747;2024-07-05;2026-07-11;936
NZ9559;Boeing 737;2025-01-26;2025-09-12;343
KE9516;Airbus A320;2024-11-16;2025-07-20;206
SA5308;Boeing 737;2024-09-02;2025-06-11;618
SK6761;Boeing 737;2024-12-18;2025-10-18;745
DL1375;Boeing 737;2025-04-03;2026-04-08;4353
TG4368;Boeing 737;2025-01-10;2026-01-09;4136
KE2000;Boeing 747;2024-07-31;2026-03-17;1614
SQ9836;Boeing 737;2025-01-26;2025-12-25;3447
AC9760;Airbus A330;2024-10-14;2025-11-24;2129
UA9030;Airbus A330;2024-12-04;2026-07-26;4770
AA8312;Boeing 777;2025-02-11;2026-07-30;4267
KE8640;Airbus A350;2025-06-02;2026-03-21;404
AZ6999;Boeing 777;2024-10-04;2026-03-20;1679
KE7321;Airbus A320;2025-03-21;2026-06-11;3802
KE2501;Boeing 737;2024-09-08;2026-06-07;4682
AI9867;Airbus A350;2024-08-02;2026-07-01;4075
QF9280;Airbus A330;2025-05-08;2025-12-08;4080
AZ5777;Boeing 737;2025-03-27;2026-07-15;2533
AZ8138;Boeing 747;2025-05-07;2026-02-06;486
DL3021;Boeing 777;2025-05-16;2026-07-09;3664
AA3880;Boeing 737;2024-09-25;2026-07-20;3488
WN1387;Boeing 777;2025-05-30;2026-01-20;109
LA3204;Airbus A350;2024-10-15;2026-01-26;750
SK6504;Boeing 777;2025-05-13;2025-10-09;3799
SQ9723;Airbus A330;2025-05-03;2026-02-21;1136
SA9162;Airbus A330;2025-01-04;2026-05-16;563
AV9155;Airbus A330;2025-04-28;2025-09-19;238
TG5405;Airbus A330;2025-01-04;2026-01-29;2097
DL7893;Boeing 777;2025-04-21;2026-05-28;4872
SQ9837;Boeing 737;2024-09-21;2025-11-01;3337
IB7753;Airbus A320;2024-06-21;2026-03-27;638
EK7596;Boeing 777;2024-08-29;2025-11-09;4124
AA4152;Airbus A320;2025-02-19;2026-02-17;4051
QF2974;Airbus A330;2024-11-04;2026-05-17;1761
UA5069;Boeing 737;2025-02-18;2026-07-10;3421
IB4821;Airbus A350;2024-11-02;2026-07-28;3068
NH4894;Boeing 777;2025-03-21;2026-05-31;2526
EK3571;Airbus A350;2025-03-13;2025-07-12;3065
AZ2845;Boeing 737;2024-11-21;2026-03-16;2193
IB5964;Boeing 747;2024-07-03;2026-07-26;2016
AV6156;Airbus A330;2025-04-12;2025-06-20;4061
AM3649;Airbus A320;2024-08-15;2025-08-20;1974
KE7499;Airbus A320;2024-11-08;2025-11-11;257
AZ7452;Airbus A350;2025-03-23;2026-03-27;2371
LH7175;Airbus A350;2025-02-16;2025-07-09;4438
AC7769;Boeing 747;2024-12-28;2025-07-02;1623
UA1392;Boeing 777;2025-05-09;2025-10-22;1154
KE3611;Airbus A320;2024-10-21;2026-03-24;2478
QR5358;Boeing 747;2025-04-28;2026-07-16;2654
BA7761;Boeing 737;2025-01-03;2025-08-27;459
LH6904;Boeing 747;2024-12-20;2025-12-10;982
AM3700;Boeing 737;2024-10-08;2026-06-24;4671
QR5977;Boeing 777;2025-01-01;2025-10-26;2393
QF5892;Boeing 747;2025-06-11;2026-02-12;1110
KE9114;Boeing 737;2025-05-16;2026-02-05;2118
EK4646;Boeing 737;2024-10-26;2025-12-07;3668
WN1868;Airbus A320;2024-10-27;2025-09-09;4718
LH2858;Airbus A330;2024-07-03;2026-06-10;646
NH5062;Airbus A320;2024-07-15;2026-03-04;3238
SA2418;Boeing 777;2025-03-01;2025-12-11;2575
AA2610;Boeing 737;2025-05-11;2026-04-28;2219
LA4298;Airbus A320;2024-08-25;2026-02-25;4230
SK3122;Airbus A320;2024-12-03;2025-08-08;4465
QF9271;Boeing 737;2024-08-24;2025-10-03;3164
TG5281;Boeing 747;2025-03-09;2025-09-03;4202
NZ3355;Boeing 737;2024-07-16;2026-06-20;4611
SA4830;Airbus A320;2024-12-29;2026-03-06;2439
DL5196;Boeing 747;2025-02-17;2025-12-04;4517
AM2984;Airbus A330;2025-03-05;2026-01-24;1962
LA5045;Airbus A330;2024-12-12;2025-07-26;1504
NH7193;Boeing 737;2025-01-27;2025-10-22;2690
BA4267;Boeing 747;2025-05-01;2026-03-12;2907
QR9262;Boeing 777;2025-03-01;2026-02-26;4209
UA8455;Airbus A320;2024-12-27;2026-03-26;3556
NH4392;Airbus A320;2025-02-05;2026-03-15;1942
WN1388;Airbus A350;2025-04-27;2025-09-27;573
ET8204;Boeing 737;2025-06-16;2026-02-28;3598
AV2245;Boeing 777;2025-03-31;2025-11-28;2944
AM6473;Airbus A320;2024-07-07;2025-09-26;3487
LH6903;Airbus A320;2025-06-03;2026-06-04;676
QR4818;Boeing 777;2025-01-31;2025-12-21;3871
AM4411;Airbus A320;2024-10-16;2025-06-24;3813
SA2518;Boeing 747;2025-06-01;2026-02-21;3318
WN2403;Airbus A320;2024-07-01;2025-11-02;335
UA5434;Boeing 777;2024-11-18;2025-08-09;3409
NH4262;Airbus A330;2025-01-01;2026-06-26;1551
BA9707;Boeing 737;2025-06-17;2026-06-05;1486
ET3337;Boeing 747;2024-09-03;2026-01-18;4189
CX1836;Boeing 737;2025-04-15;2026-05-28;4326
AM6970;Boeing 737;2024-09-08;2025-09-26;2191
SA6084;Airbus A350;2025-05-01;2025-09-11;4676
AC9242;Airbus A320;2025-01-20;2025-12-19;350
NZ5969;Airbus A330;2025-04-09;2025-08-16;2980
UA5070;Boeing 777;2025-01-23;2025-08-27;3171
AA4032;Airbus A330;2025-06-19;2025-12-25;4319
QR8188;Boeing 777;2025-04-22;2025-07-08;1953
NH1430;Airbus A350;2025-01-28;2025-07-03;3183
BA8910;Airbus A320;2024-09-26;2025-07-13;1451
AF2048;Airbus A320;2024-11-01;2025-11-28;3370
NZ5122;Airbus A350;2024-06-21;2026-01-19;928
IB2768;Airbus A320;2024-11-01;2025-05-31;1052
LH1888;Boeing 737;2024-12-05;2025-08-20;1385
AF2581;Airbus A330;2025-04-11;2026-05-24;3284
ET3233;Boeing 747;2025-01-11;2026-02-18;4917
EK7150;Airbus A330;2025-05-09;2026-05-28;4162
AZ5549;Boeing 737;2025-03-17;2026-01-04;3404
AZ7021;Boeing 737;2024-08-07;2026-07-10;2960
KL6937;Airbus A330;2024-08-22;2026-05-11;606
SK4971;Boeing 737;2025-05-18;2026-01-28;234
SQ8153;Airbus A330;2025-03-23;2025-12-08;2108
AZ9035;Airbus A350;2024-08-06;2025-10-09;4681
KE3382;Airbus A330;2024-10-07;2026-04-15;2497
QF3279;Boeing 777;2024-08-13;2026-05-14;998
EK3918;Boeing 747;2025-01-11;2026-02-12;3515
NH5280;Boeing 747;2024-06-22;2025-11-12;1509
LH7664;Airbus A330;2024-12-18;2026-03-12;1977
QR8924;Airbus A330;2025-05-11;2025-10-09;4865
BA7256;Boeing 737;2024-09-18;2026-06-18;839
AF6122;Airbus A330;2025-02-25;2025-09-01;1409
NH8979;Airbus A320;2025-02-06;2026-06-25;4768
DL4294;Airbus A320;2024-09-23;2026-03-09;2568
WN8327;Airbus A350;2024-07-01;2026-03-25;3658
CX1465;Boeing 777;2024-11-10;2025-11-07;2604
LA5408;Airbus A350;2024-09-23;2025-09-24;4615
NZ4755;Airbus A320;2024-11-19;2026-05-10;2064
QR9885;Airbus A350;2025-01-21;2026-04-30;1220
SK7629;Airbus A330;2024-10-08;2026-05-16;1385
AC2041;Airbus A350;2024-07-14;2025-08-24;3000
CX4114;Boeing 747;2025-04-09;2026-07-05;570
KE7322;Airbus A330;2025-02-21;2026-02-12;1087
SA8436;Airbus A320;2025-02-07;2026-03-29;3873
SQ9635;Airbus A330;2024-08-28;2026-03-02;4668
QR7020;Airbus A330;2024-09-15;2025-10-15;852
AZ8963;Airbus A330;2024-07-06;2026-02-22;1807
KL2728;Airbus A330;2025-04-14;2026-07-08;2663
BA6368;Airbus A350;2024-09-16;2025-07-14;1819
CX3529;Boeing 737;2024-07-31;2025-09-14;431
DL3432;Boeing 747;2025-05-14;2026-03-23;1294
AZ7443;Airbus A350;2024-07-29;2026-03-21;4281
NH4045;Boeing 737;2025-05-23;2026-05-17;1030
AC9441;Boeing 777;2025-02-07;2026-05-12;4691
WN7675;Boeing 777;2025-06-14;2025-06-30;4011
SQ4171;Airbus A320;2024-10-27;2026-04-29;1124
SA3713;Boeing 747;2024-11-09;2026-01-09;1508
UA9835;Boeing 747;2025-02-20;2026-06-24;2245
SA2814;Boeing 747;2024-11-06;2025-10-06;4490
LH4956;Airbus A350;2025-02-10;2025-09-29;4558
TG4099;Boeing 747;2024-11-06;2025-11-26;2828
TG6294;Boeing 777;2025-01-01;2025-06-22;1363
UA8275;Boeing 777;2025-06-08;2026-03-09;288
LH7681;Boeing 737;2024-08-01;2025-11-13;2477
WN7063;Airbus A330;2024-08-11;2025-09-23;2479
AZ7290;Boeing 737;2025-04-03;2025-12-02;1466
AI6000;Boeing 747;2025-03-16;2025-10-16;4717
SA2289;Airbus A330;2024-08-25;2026-07-08;759
AM2800;Boeing 777;2025-05-15;2025-07-15;1238
SQ1109;Airbus A320;2025-05-11;2025-07-25;4803
LA5197;Airbus A350;2024-10-06;2026-05-12;1659
KL2393;Boeing 747;2025-02-23;2025-12-27;1937
AC4609;Airbus A320;2024-12-10;2025-09-09;4948
KE7715;Boeing 747;2024-08-30;2025-08-26;454
AF8542;Boeing 747;2024-12-04;2025-07-11;3766
QF1128;Boeing 747;2025-01-18;2026-01-07;4222
NZ6084;Boeing 737;2025-01-24;2026-03-22;3274
AV4290;Boeing 777;2024-09-01;2026-01-09;2942
AM8303;Boeing 747;2024-06-28;2025-11-11;3404
EK8895;Boeing 777;2024-07-15;2025-12-01;1271
QF5171;Boeing 747;2024-10-01;2025-10-30;1886
LH8665;Airbus A330;2024-09-20;2025-07-03;3736
ET4912;Airbus A320;2025-02-17;2026-06-21;1474
WN5291;Airbus A330;2024-11-14;2026-05-17;1971
EK7295;Airbus A350;2024-12-14;2025-10-11;3747
KL6524;Boeing 777;2024-08-30;2025-07-02;2068
AZ7376;Boeing 777;2024-07-17;2026-06-09;4620
AF8543;Airbus A350;2025-01-07;2026-01-20;552
AI5161;Airbus A350;2024-09-16;2025-07-21;2616
AC5567;Boeing 747;2025-05-20;2025-06-21;1791
AZ2434;Airbus A350;2025-05-26;2025-10-27;1910
DL4260;Airbus A320;2025-05-31;2025-10-01;3820
AA6725;Boeing 747;2025-03-30;2025-12-19;4645
KL2016;Airbus A330;2024-08-21;2026-04-02;913
UA8235;Boeing 747;2025-05-14;2025-07-02;3082
AC4205;Airbus A350;2024-07-08;2026-03-19;2755
QF1885;Airbus A320;2025-01-05;2026-05-22;2568
AF3357;Airbus A320;2024-12-31;2026-04-05;553
WN9145;Airbus A330;2025-03-12;2025-09-25;2409
LH6339;Airbus A350;2025-01-05;2025-08-01;1684
AI5829;Airbus A320;2025-06-12;2026-03-18;4066
QR4220;Airbus A320;2025-02-13;2025-10-09;4998
AZ2628;Airbus A330;2025-01-22;2026-04-12;3120
CX9414;Boeing 777;2025-06-14;2025-06-20;1583
ET9925;Airbus A320;2024-07-13;2026-05-14;2845
AM3096;Airbus A350;2024-10-05;2026-07-02;1155
IB3865;Boeing 777;2024-08-21;2026-03-30;1448
TG9997;Boeing 737;2024-07-07;2025-08-24;3425
SA4550;Boeing 737;2025-05-26;2026-07-12;4635
KL5073;Boeing 777;2025-05-24;2025-06-21;2267
SA3071;Boeing 737;2025-06-19;2025-11-05;2412
ET9590;Boeing 737;2024-11-25;2025-08-04;3853
TG4235;Boeing 737;2024-09-18;2026-07-19;1116
AI4858;Airbus A350;2025-04-25;2026-06-25;2114
BA6099;Boeing 747;2024-07-22;2025-10-26;3830
WN3568;Airbus A350;2024-12-27;2025-09-14;2909
AV9936;Boeing 737;2025-03-24;2025-06-15;1448
BA5814;Boeing 747;2024-07-31;2026-01-11;4501
AC2322;Airbus A350;2025-04-12;2025-10-06;248
QR2850;Airbus A330;2025-02-05;2025-07-09;2234
NZ5365;Boeing 737;2024-08-17;2026-03-11;1894
BA1547;Boeing 777;2024-10-19;2025-06-27;1422
LA5370;Boeing 747;2025-04-11;2026-06-26;4472
AM8076;Boeing 777;2024-10-24;2025-12-30;1109
TG3919;Airbus A320;2025-02-03;2026-02-22;3746
UA7542;Boeing 777;2025-05-03;2026-03-20;4107
AF3527;Boeing 747;2025-03-16;2025-12-13;1442
QF1886;Airbus A330;2025-05-03;2026-06-03;4151
KL8738;Airbus A350;2025-04-11;2026-04-20;3492
NZ3854;Airbus A320;2025-05-31;2025-08-12;801
UA9951;Airbus A320;2024-07-31;2026-03-28;4470
SQ4035;Airbus A330;2025-06-09;2025-09-10;1194
CX5974;Boeing 777;2024-07-08;2026-06-28;4455
NZ9286;Boeing 737;2024-11-13;2025-10-20;3019
QR4953;Boeing 777;2024-09-25;2025-11-09;1517
QR9037;Boeing 737;2025-01-10;2025-08-23;4843
UA9753;Airbus A330;2025-05-19;2026-06-04;1710
AC2870;Boeing 747;2024-11-29;2025-08-21;2780
WN9435;Airbus A350;2025-04-24;2026-06-18;2221
QF3103;Airbus A350;2025-03-30;2025-12-26;2407
IB3862;Airbus A320;2024-09-20;2025-07-22;3422
NH2788;Boeing 747;2025-01-09;2026-04-27;1206
SQ9022;Airbus A330;2024-10-05;2026-01-19;2487
UA4384;Airbus A330;2025-01-17;2025-06-23;2466
SA9163;Airbus A330;2024-08-08;2025-10-17;4125
BA6415;Airbus A330;2024-10-19;2025-06-30;2764
NZ7026;Boeing 737;2025-05-09;2025-12-14;4986
UA8268;Airbus A350;2024-12-14;2026-05-18;4356
QF5719;Airbus A350;2025-05-06;2026-07-18;349
SK9059;Boeing 777;2025-03-25;2025-10-05;1228
LA9192;Boeing 777;2025-03-18;2025-06-04;4898
AF2649;Boeing 747;2025-04-19;2025-09-23;2767
SA6283;Airbus A320;2024-11-18;2026-06-04;3571
LA7380;Airbus A320;2025-02-13;2026-02-06;1110
AC7293;Airbus A330;2025-02-12;2025-08-01;3857
UA1658;Airbus A330;2025-03-22;2025-09-11;625
IB5239;Airbus A350;2024-10-16;2026-02-12;4921
UA9754;Airbus A320;2024-12-06;2026-05-19;977
LH5850;Airbus A320;2024-11-10;2025-12-26;2665
KL3196;Boeing 777;2025-04-06;2026-02-09;2732
LH1304;Boeing 737;2024-09-11;2026-03-20;4083
TG5265;Boeing 737;2025-04-26;2026-05-24;2886
KE3955;Airbus A350;2024-12-26;2025-09-09;931
DL6866;Airbus A320;2025-04-30;2026-05-19;3611
QR9373;Airbus A330;2024-09-07;2025-07-12;3770
TG6514;Boeing 737;2024-08-12;2026-01-17;3416
EK6720;Boeing 747;2024-08-21;2026-04-26;4284
EK9440;Airbus A330;2025-01-16;2026-01-07;140
WN9522;Boeing 777;2024-12-30;2026-06-22;2629
SK9763;Airbus A350;2024-07-30;2025-10-10;2750
AF1136;Airbus A350;2024-11-21;2026-01-05;2700
KL5155;Airbus A320;2025-04-26;2025-08-21;2827
SQ5486;Airbus A330;2024-09-16;2025-12-28;4828
SA5365;Boeing 737;2025-06-02;2026-07-07;1304
